mva,Type,processed_date,result
060702795,Glass,2026-08-12,checkpointed
061031482,Glass,2026-08-12,checkpointed
060432831,Glass,2026-08-12,checkpointed
060318576,Glass,2026-08-12,checkpointed
052019881,Glass,2026-08-12,checkpointed
061063833,Glass,2026-08-12,not_found
059049410,Glass,2026-08-12,not_found
059415915,Glass,2026-08-12,not_found
061686973,Glass,2026-08-12,not_found
061305834,Glass,2026-08-12,not_found
060053066,Glass,2026-08-12,not_found
060725431,Glass,2026-08-12,not_found
059430523,Glass,2026-08-12,not_found
061319753,Glass,2026-08-12,not_found
056678344,Glass,2026-08-12,not_found
060333475,Glass,2026-08-12,not_found
059517474,Glass,2026-08-12,not_found
058858494,Glass,2026-08-12,not_found
059472335,Glass,2026-08-12,not_found
061360854,Glass,2026-08-12,not_found
054550602,Glass,2026-08-12,not_found
059002215,Glass,2026-08-12,not_found
060093375,Glass,2026-08-12,not_found
061093384,Glass,2026-08-12,not_found
058552222,Glass,2026-08-12,not_found
054842874,Glass,2026-08-12,not_found
059560546,Glass,2026-08-12,not_found
060230715,Glass,2026-08-12,not_found
058861235,Glass,2026-08-12,not_found
059336233,Glass,2026-08-12,not_found
060148373,Glass,2026-08-12,not_found
058614522,Glass,2026-08-12,not_found
060599162,Glass,2026-08-12,not_found
056619371,Glass,2026-08-12,not_found
050090342,Glass,2026-08-12,not_found
060382092,Glass,2026-08-12,not_found
055863205,Glass,2026-08-12,not_found
059754505,Glass,2026-08-12,not_found
059415856,Glass,2026-08-12,not_found
060338762,Glass,2026-08-12,not_found
059538522,Glass,2026-08-13,not_found
059804264,Glass,2026-08-13,not_found
036928710,Glass,2026-08-13,not_found
060567032,Glass,2026-08-13,not_found
059138660,Glass,2026-08-13,not_found
060217706,Glass,2026-08-13,not_found
059646996,Glass,2026-08-13,not_found
060111192,Glass,2026-08-13,not_found
060091511,Glass,2026-08-13,not_found
057950410,Glass,2026-08-13,not_found
061648064,Glass,2026-08-13,not_found
061563821,Glass,2026-08-13,not_found
056663132,Glass,2026-08-13,not_found
061750474,Glass,2026-08-13,not_found
056207093,Glass,2026-08-13,not_found
059975252,Glass,2026-08-13,not_found
059733310,Glass,2026-08-13,not_found
060333571,Glass,2026-08-13,not_found
060141432,Glass,2026-08-13,not_found
059192781,Glass,2026-08-13,not_found
055975721,Glass,2026-08-13,not_found
059287583,Glass,2026-08-13,not_found
059106401,Glass,2026-08-13,not_found
059037075,Glass,2026-08-13,not_found
057487242,Glass,2026-08-13,not_found
060078664,Glass,2026-08-13,not_found
061668865,Glass,2026-08-13,not_found
057496106,Glass,2026-08-13,not_found
054019954,Glass,2026-08-13,not_found
060323141,Glass,2026-08-13,not_found
059927501,Glass,2026-08-13,not_found
060566461,Glass,2026-08-13,not_found
057732570,Glass,2026-08-13,not_found
060435756,Glass,2026-08-13,not_found
060926191,Glass,2026-08-13,not_found
061894825,Glass,2026-08-13,not_found
060073440,Glass,2026-08-13,not_found
059833270,Glass,2026-08-13,not_found
060255031,Glass,2026-08-13,not_found
057356154,Glass,2026-08-13,not_found
057935706,Glass,2026-08-13,not_found
060664483,Glass,2026-08-13,not_found
058688265,Glass,2026-08-13,not_found
059511082,Glass,2026-08-13,closed
059039820,Glass,2026-08-13,not_found
059074680,Glass,2026-08-13,not_found
056493382,Glass,2026-08-14,closed
060364986,Glass,2026-08-14,not_found
050106803,Glass,2026-08-14,closed
054290095,Glass,2026-08-14,not_found
060667891,Glass,2026-08-14,not_found
062143723,Glass,2026-08-14,not_found
058614393,Glass,2026-08-14,not_found
061043780,Glass,2026-08-14,not_found
061338266,Glass,2026-08-14,not_found
061013923,Glass,2026-08-14,not_found
058481721,Glass,2026-08-14,not_found
059869143,Glass,2026-08-14,not_found
059074805,Glass,2026-08-14,not_found
050239770,Glass,2026-08-14,not_found
051369614,Glass,2026-08-14,not_found
059433430,Glass,2026-08-14,not_found
061401336,Glass,2026-08-14,not_found
060538240,Glass,2026-08-14,not_found
059141751,Glass,2026-08-14,not_found
059860533,Glass,2026-08-14,not_found
060238522,Glass,2026-08-14,not_found
060643030,Glass,2026-08-14,not_found
060664601,Glass,2026-08-14,not_found
058354483,Glass,2026-08-16,not_found
060622564,Glass,2026-08-16,not_found
050094170,Glass,2026-08-16,not_found
058166146,Glass,2026-08-16,not_found
059751543,Glass,2026-08-16,closed
057819145,Glass,2026-08-16,not_found
062021481,Glass,2026-08-16,not_found
061886790,Glass,2026-08-16,not_found
059360324,Glass,2026-08-16,not_found
053271363,Glass,2026-08-16,not_found
059473621,Glass,2026-08-16,not_found
058613494,Glass,2026-08-16,closed
061190021,Glass,2026-08-19,not_found
058911845,Glass,2026-08-19,not_found
060768293,Glass,2026-08-19,closed
061211920,Glass,2026-08-19,not_found
058688486,Glass,2026-08-19,not_found
059074492,Glass,2026-08-19,not_found
060045016,Glass,2026-08-19,not_found
057153482,Glass,2026-08-19,closed
062189750,Glass,2026-08-23,not_found
059789671,Glass,2026-08-24,not_found
060766160,Glass,2026-08-24,not_found
061353456,Glass,2026-08-24,not_found
062048626,Glass,2026-08-24,not_found
059268042,Glass,2026-08-24,not_found
061744550,Glass,2026-08-24,closed
061368742,Glass,2026-08-24,not_found
051003396,Glass,2026-08-24,not_found
061317244,Glass,2026-08-24,not_found
054036953,Glass,2026-08-24,not_found
053659756,Glass,2026-08-24,not_found
059753341,Glass,2026-08-24,not_found
051018796,Glass,2026-08-24,not_found
051018516,Glass,2026-08-24,not_found
058869263,Glass,2026-08-24,not_found
056828682,Glass,2026-08-24,not_found
059683665,Glass,2026-08-24,not_found
061335245,Glass,2026-08-24,not_found
052199280,Glass,2026-08-24,not_found
056477761,Glass,2026-08-24,not_found
061585624,Glass,2026-08-24,not_found
061812332,Glass,2026-08-24,not_found
053514893,Glass,2026-08-24,closed
058981425,Glass,2026-08-24,not_found
061104131,Glass,2026-08-24,not_found
061107616,Glass,2026-08-24,not_found
059532406,Glass,2026-08-24,closed
061095602,Glass,2026-08-24,not_found
059988471,Glass,2026-08-24,not_found
060725276,Glass,2026-08-24,not_found
060565595,Glass,2026-08-24,closed
054574741,Glass,2026-08-24,not_found
056832860,Glass,2026-08-24,not_found
059241910,Glass,2026-08-24,not_found
059935923,Glass,2026-08-24,not_found
055057531,Glass,2026-08-24,not_found
061255353,Glass,2026-08-24,not_found
060021312,Glass,2026-08-24,not_found
056978320,Glass,2026-08-24,not_found
059816024,Glass,2026-08-24,not_found
059072370,Glass,2026-08-24,not_found
059147454,Glass,2026-08-24,not_found
058996114,Glass,2026-08-24,not_found
059752265,Glass,2026-08-24,not_found
058271043,Glass,2026-08-24,not_found
061704602,Glass,2026-08-24,not_found
058921310,Glass,2026-08-24,not_found
057905481,Glass,2026-08-24,not_found
059419566,Glass,2026-08-24,not_found
051487100,Glass,2026-08-24,not_found
056547901,Glass,2026-08-24,closed
059729644,Glass,2026-08-24,not_found
059520156,Glass,2026-08-24,not_found
054935790,Glass,2026-08-24,not_found
061550090,Glass,2026-08-24,not_found
056258613,Glass,2026-08-24,closed
051984752,Glass,2026-08-24,closed
058520626,Glass,2026-08-24,closed
061517120,Glass,2026-08-24,not_found
059530656,Glass,2026-08-24,closed
059456471,Glass,2026-08-24,not_found
052208973,Glass,2026-08-24,not_found
059698225,Glass,2026-08-24,not_found
060433284,Glass,2026-08-24,not_found
060037902,Glass,2026-08-24,not_found
060801845,Glass,2026-08-24,not_found
060726061,Glass,2026-08-24,closed
055965350,Glass,2026-08-24,closed
061920445,Glass,2026-08-24,not_found
059739901,Glass,2026-08-24,not_found
061423084,Glass,2026-08-24,closed
059266045,Glass,2026-08-24,closed
060255171,Glass,2026-08-24,closed
061184200,Glass,2026-08-24,closed
061754346,Glass,2026-08-24,closed
057820921,Glass,2026-08-24,closed
057914975,Glass,2026-08-24,not_found
059650695,Glass,2026-08-24,not_found
050104762,Glass,2026-08-24,not_found
059395416,Glass,2026-08-24,closed
059100101,Glass,2026-08-24,closed
062021945,Glass,2026-08-24,closed
059617950,Glass,2026-08-24,closed
056288956,Glass,2026-08-24,closed
057144124,Glass,2026-08-24,closed
057598741,Glass,2026-08-25,closed
060835051,Glass,2026-08-25,not_found
061443546,Glass,2026-08-25,not_found
060400115,Glass,2026-08-25,not_found
060263276,Glass,2026-08-25,not_found
056002531,Glass,2026-08-25,not_found
060874251,Glass,2026-08-25,not_found
061692326,Glass,2026-08-25,closed
060767184,Glass,2026-08-27,not_found
061444471,Glass,2026-08-27,not_found
059283335,Glass,2026-08-27,not_found
059368875,Glass,2026-08-27,not_found
062108314,Glass,2026-08-27,not_found
059608076,Glass,2026-08-27,not_found
056382524,Glass,2026-08-27,not_found
058691242,Glass,2026-08-27,not_found
059379994,Glass,2026-08-27,not_found
053186103,Glass,2026-08-27,not_found
060412483,Glass,2026-08-27,not_found
058509485,Glass,2026-08-27,not_found
059025912,Glass,2026-08-27,closed
058902270,Glass,2026-08-27,not_found
059683562,Glass,2026-08-27,not_found
061383766,Glass,2026-08-27,not_found
059905856,Glass,2026-08-30,not_found
060426693,Glass,2026-08-30,not_found
062085656,Glass,2026-08-30,not_found
053275670,Glass,2026-08-30,closed
051117986,Glass,2026-08-30,closed
061519780,Glass,2026-08-30,not_found
061585580,Glass,2026-08-30,not_found
056308092,Glass,2026-08-30,not_found
058992570,Glass,2026-08-30,not_found
061763251,Glass,2026-08-30,not_found
056962732,Glass,2026-08-30,not_found
060434231,Glass,2026-08-30,not_found
059633431,Glass,2026-08-30,not_found
061730266,Glass,2026-08-30,closed
059419371,Glass,2026-08-30,closed
056165966,Glass,2026-08-31,not_found
060329194,Glass,2026-08-31,closed
058642113,Glass,2026-08-31,closed
056640135,Glass,2026-08-31,closed
061583410,Glass,2026-08-31,closed
060733094,Glass,2026-08-31,closed
059841456,Glass,2026-08-31,closed
060339860,Glass,2026-09-01,not_found
061598106,Glass,2026-09-01,closed
059718702,Glass,2026-09-01,not_found
058843094,Glass,2026-09-01,not_found
059402221,Glass,2026-09-01,closed
059397586,Glass,2026-09-01,closed
056946514,Glass,2026-09-01,closed
059039654,Glass,2026-09-02,not_found
016609364,Glass,2026-09-02,not_found
058115525,Glass,2026-09-02,closed
061306114,Glass,2026-09-02,not_found
061694765,Glass,2026-09-02,not_found
060001686,Glass,2026-09-02,not_found
057609451,Glass,2026-09-02,closed
054724585,Glass,2026-09-03,not_found
061381191,Glass,2026-09-03,not_found
059708180,Glass,2026-09-03,not_found
057771405,Glass,2026-09-03,not_found
058898324,Glass,2026-09-09,not_found
061093642,Glass,2026-09-09,closed
056360275,Glass,2026-09-09,closed
057910296,Glass,2026-09-09,closed
056787216,Glass,2026-09-09,closed
056008573,Glass,2026-09-09,closed
055897402,Glass,2026-09-09,closed
061207090,Glass,2026-09-09,not_found
